{
    "time": 946,
    "speaker": "gpt_cove",
    "rank": 1,
    "chapter": 1,
    "speech": "Hi Everyone",
    "asr_speech": " Hi everyone.",
    "wer": 0.5,
    "silence": 250,
    "segment_timestamps": {
        "text": " Hi everyone.",
        "segments": [
            {
                "id": 0,
                "seek": 0,
                "start": 0.06,
                "end": 0.5,
                "text": " Hi everyone.",
                "tokens": [
                    50364,
                    2421,
                    1518,
                    13,
                    50414
                ],
                "temperature": 0.0,
                "avg_logprob": -0.6410826444625854,
                "compression_ratio": 0.6,
                "no_speech_prob": 0.02595559135079384,
                "confidence": 0.871,
                "words": [
                    {
                        "text": "Hi",
                        "start": 0.06,
                        "end": 0.16,
                        "confidence": 0.894
                    },
                    {
                        "text": "everyone.",
                        "start": 0.16,
                        "end": 0.5,
                        "confidence": 0.849
                    }
                ]
            }
        ],
        "language": "en",
        "language_probs": {
            "en": 0.995019793510437,
            "zh": 0.0004154107882641256,
            "de": 0.0008523676078766584,
            "es": 8.053105557337403e-05,
            "ru": 4.310516669647768e-05,
            "ko": 8.572486694902182e-05,
            "fr": 8.24407979962416e-05,
            "ja": 0.000349810958141461,
            "pt": 0.000140236530569382,
            "tr": 1.6618523659417406e-05,
            "pl": 9.054350084625185e-05,
            "ca": 2.75562138085661e-06,
            "nl": 4.734176764031872e-05,
            "ar": 3.330909021315165e-05,
            "sv": 3.6015720979776233e-05,
            "it": 6.126480002421886e-05,
            "id": 6.728622247464955e-05,
            "hi": 0.00011717199959093705,
            "fi": 6.996659794822335e-05,
            "vi": 1.7552658391650766e-05,
            "he": 1.7012618627632037e-05,
            "uk": 7.712100114076748e-07,
            "el": 9.543215128360316e-06,
            "ms": 2.871423384931404e-05,
            "cs": 8.099220394797157e-06,
            "ro": 8.421858183282893e-06,
            "da": 1.536962008685805e-05,
            "hu": 1.769032678566873e-05,
            "ta": 7.850034307921305e-06,
            "no": 1.0563376235950273e-05,
            "th": 0.00022235338110476732,
            "ur": 1.2841799616580829e-05,
            "hr": 1.8791704405884957e-06,
            "bg": 1.0297004564563395e-06,
            "lt": 4.82610857943655e-07,
            "la": 0.00022062301286496222,
            "mi": 4.1453837184235454e-05,
            "ml": 2.52870017902751e-06,
            "cy": 0.0006139373290352523,
            "sk": 3.88604894396849e-06,
            "te": 4.0094055293593556e-06,
            "fa": 1.7244236687474768e-06,
            "lv": 2.489496409907588e-06,
            "bn": 2.676460826478433e-05,
            "sr": 1.3118724382366054e-06,
            "az": 7.358937068602245e-07,
            "sl": 6.927631147846114e-06,
            "kn": 8.273875664599473e-07,
            "et": 4.5337097276387794e-07,
            "mk": 2.927183118117682e-07,
            "br": 1.0399605343991425e-05,
            "eu": 2.1798759917146526e-06,
            "is": 2.7128994588565547e-06,
            "hy": 2.063864940282656e-06,
            "ne": 2.52870017902751e-06,
            "mn": 2.2315700789476978e-06,
            "bs": 1.658362180023687e-06,
            "kk": 3.1898633778837393e-07,
            "sq": 2.7391135404286615e-07,
            "sw": 1.4214576367521659e-05,
            "gl": 1.452110382160754e-06,
            "mr": 8.338768111570971e-07,
            "pa": 2.5886665753205307e-06,
            "si": 2.1844636648893356e-05,
            "km": 0.00012669313582591712,
            "sn": 4.310516669647768e-05,
            "yo": 1.64891953318147e-05,
            "so": 3.551075877794574e-08,
            "af": 7.788945367792621e-06,
            "oc": 8.470084935652267e-07,
            "ka": 1.2638930968478235e-07,
            "be": 1.875223887282118e-07,
            "tg": 2.5577440609936275e-08,
            "sd": 1.045915837494249e-06,
            "gu": 1.6228709398546926e-07,
            "am": 7.909240906656123e-08,
            "yi": 4.136677034694003e-06,
            "lo": 1.7379486507707043e-06,
            "uz": 1.8492083420085237e-09,
            "fo": 5.097386974739493e-07,
            "ht": 1.9540279936336447e-06,
            "ps": 3.115970059752726e-07,
            "tk": 2.1409336525834988e-09,
            "nn": 0.0006434008246287704,
            "mt": 8.019314350349305e-07,
            "sa": 2.0361441784189083e-05,
            "lb": 6.531428198286449e-08,
            "my": 6.0188299357832875e-06,
            "bo": 3.171700655002496e-06,
            "tl": 4.734176764031872e-05,
            "mg": 1.3931319431392808e-09,
            "as": 1.6484274567574175e-07,
            "tt": 1.7038248145695434e-08,
            "haw": 6.728622247464955e-05,
            "ln": 1.201313324372677e-07,
            "ha": 9.996726113570276e-09,
            "ba": 3.239129187093681e-09,
            "jw": 2.084429797832854e-05,
            "su": 2.1121774551602357e-08
        }
    }
}