{
    "time": 4837,
    "speaker": "/home/prakharrrr4/wolfy_ui/wolf/media/data/audio_data/daniel_ted.wav",
    "rank": 1,
    "chapter": 1,
    "speech": "I have not failed.  I've just found 10,000 ways that won't work.",
    "asr_speech": " I have not failed. I've just found 10,000 ways that won't work.",
    "wer": 0.0,
    "silence": 250,
    "segment_timestamps": {
        "text": " I have not failed. I've just found 10,000 ways that won't work.",
        "segments": [
            {
                "id": 0,
                "seek": 0,
                "start": 0.0,
                "end": 1.6,
                "text": " I have not failed.",
                "tokens": [
                    50364,
                    286,
                    362,
                    406,
                    7612,
                    13,
                    50444
                ],
                "temperature": 0.0,
                "avg_logprob": -0.29816028346186096,
                "compression_ratio": 0.9545454545454546,
                "no_speech_prob": 0.014292217791080475
            },
            {
                "id": 1,
                "seek": 0,
                "start": 1.6,
                "end": 4.1,
                "text": " I've just found 10,000 ways that won't work.",
                "tokens": [
                    50444,
                    286,
                    600,
                    445,
                    1352,
                    1266,
                    11,
                    1360,
                    2098,
                    300,
                    1582,
                    380,
                    589,
                    13,
                    50569
                ],
                "temperature": 0.0,
                "avg_logprob": -0.29816028346186096,
                "compression_ratio": 0.9545454545454546,
                "no_speech_prob": 0.014292217791080475
            }
        ],
        "language": "en"
    }
}